Evaluation,$rx_patch_l,$rx_patch_w,$rx_pos_x,$rx_tc,Cost
619,34.2040422357834mm,34.0203311664319mm,-0.662318583434263fraction,4.52360989196923mm,7.6408e-05
655,34.2040422357834mm,34.0202287157854mm,-0.662318648160046fraction,4.51072978434245mm,0.00029415
513,34.2040422357834mm,34.0202320617612mm,-0.66231247073357fraction,4.84998027721088mm,0.0037924
588,34.2040422357834mm,34.0255318647309mm,-0.661634949378072fraction,4.71388695914518mm,0.0052843
630,34.2040422357834mm,34.0255232740064mm,-0.661634949378072fraction,4.71388695914518mm,0.0073771
624,34.2040422357834mm,34.0253932832407mm,-0.66166669902343fraction,4.8519905923219mm,0.013013
608,34.2040422357834mm,34.0204577267554mm,-0.593412036303899fraction,4.8519905923219mm,0.014175
602,34.2040422357834mm,34.0204306283941mm,-0.593412036303899fraction,4.8519905923219mm,0.014177
643,34.2040422357834mm,34.0202320617612mm,-0.664258188779071fraction,4.85009470355242mm,0.014565
601,34.2040422357834mm,34.019926100601mm,-0.661666666666667fraction,4.8519905923219mm,0.014921
553,34.2040422357834mm,34.0190688629768mm,-0.631335598006506fraction,4.85198710483988mm,0.016556
579,34.2040422357834mm,34.024785630853mm,-0.664547124469372fraction,4.85246257156267mm,0.0174
580,34.2040422357834mm,34.0263513577295mm,-0.661793099827131fraction,4.86650090009159mm,0.017652
607,34.2040422357834mm,34.0204340124127mm,-0.660323039810878fraction,4.8519905923219mm,0.018029
393,34.2208551564334mm,34.0245223016258mm,-0.635150309044146fraction,4.88437459646278mm,0.01845
545,34.2040422357834mm,34.0204155557378mm,-0.662318583434263fraction,4.8519905923219mm,0.018456
593,34.2019285767655mm,34.0249544638211mm,-0.664274941326414fraction,4.85199332169977mm,0.018457
569,34.2040422357834mm,34.0197708187973mm,-0.664406151397406fraction,4.85168670922706mm,0.018655
634,34.2224594536653mm,34.0204306283941mm,-0.593412036303899fraction,4.8519905923219mm,0.0189
664,34.2040422357834mm,34.0245982622508mm,-0.631335598006506fraction,4.85198710483988mm,0.02025
598,34.2208551564334mm,34.0245223016258mm,-0.635917782000377fraction,4.88352804518089mm,0.020365
534,34.2040422357834mm,34.0264920815705mm,-0.661668096668713fraction,4.8519905923219mm,0.020539
610,34.2040422357834mm,34.026467480831mm,-0.661668096668713fraction,4.8519905923219mm,0.02054
585,34.2040422357834mm,34.0246449070119mm,-0.66495389314419fraction,4.86697287933236mm,0.020825
661,34.2040422357834mm,34.0249544819579mm,-0.664518707846147fraction,4.85202186406591mm,0.020857
657,34.2040422357834mm,34.024643750221mm,-0.664666999828242fraction,4.85129405277698mm,0.021354
516,34.2229484983935mm,34.0246410860032mm,-0.636516530885565fraction,4.8519905923219mm,0.021373
535,34.2040422357834mm,34.0249544638211mm,-0.664274941326414fraction,4.85199332169977mm,0.02174
599,34.2040422357834mm,34.0194570101233mm,-0.631335598006506fraction,4.85198710483988mm,0.022208
561,34.2040422357834mm,34.0246449070119mm,-0.664672127627789fraction,4.86697287933236mm,0.022347
542,34.2040422357834mm,34.0245453868277mm,-0.599741300172693fraction,4.86741736556495mm,0.022834
626,34.2040422357834mm,34.0249644493976mm,-0.664547124469372fraction,4.85247000372818mm,0.022912
543,34.2040422357834mm,34.0249544638211mm,-0.664274941326414fraction,4.85077553633141mm,0.024014
642,34.1983635715306mm,34.0249544638211mm,-0.664072455163641fraction,4.85198885114799mm,0.024182
511,34.2040422357834mm,34.0249544638211mm,-0.664274941326414fraction,4.85206124972786mm,0.024303
665,34.2040422357834mm,34.0199924591343mm,-0.593412036303899fraction,4.8519905923219mm,0.024526
423,34.2040422357834mm,34.0199368804262mm,-0.593412036303899fraction,4.8519905923219mm,0.024533
596,34.2040422357834mm,34.0199342243023mm,-0.593412036303899fraction,4.8519905923219mm,0.024533
631,34.2040422357834mm,34.024643750221mm,-0.664672127627789fraction,4.85125570686415mm,0.024651
531,34.2040422357834mm,34.020461110774mm,-0.660323039810878fraction,4.8519905923219mm,0.024698
605,34.2040422357834mm,34.0249544638211mm,-0.664061618770291fraction,4.85199068579791mm,0.024743
541,34.2040422357834mm,34.0206411387546mm,-0.665851152576663fraction,4.84998027721088mm,0.025042
656,34.2040422357834mm,34.0203345124077mm,-0.662312406007787fraction,4.86286038483765mm,0.025208
538,34.2230998254569mm,34.0249285898675mm,-0.661666666666667fraction,4.8519905923219mm,0.026315
529,34.2040422357834mm,34.0203351029234mm,-0.660427956848976fraction,4.53252327742492mm,0.026656
603,34.2040422357834mm,34.0197708187973mm,-0.664405243692984fraction,4.85169467842163mm,0.026823
667,34.2209853678056mm,34.0245229716514mm,-0.63649771277836fraction,4.85246780492306mm,0.026905
659,34.2040422357834mm,34.019926100601mm,-0.661667746398215fraction,4.8519905923219mm,0.027322
459,34.2040422357834mm,34.0255318647309mm,-0.661668096668713fraction,4.8519905923219mm,0.027574
552,34.2040422357834mm,34.0199368804262mm,-0.603779468519677fraction,4.8519905923219mm,0.027831
627,34.2040575493515mm,34.0245223016258mm,-0.635123831423856fraction,4.85406843981461mm,0.028062
650,34.2207005700694mm,34.0239465401443mm,-0.590981001104552fraction,4.88437459646278mm,0.028201
595,34.2040422357834mm,34.0197721838877mm,-0.661666666666667fraction,4.8519905923219mm,0.028216
519,34.2040422357834mm,34.0197695277638mm,-0.661666666666667fraction,4.8519905923219mm,0.028217
670,34.2040422357834mm,34.0253755977325mm,-0.661680056385795fraction,4.8519905923219mm,0.028326
497,34.2040422357834mm,34.0303644204064mm,-0.666039941542623fraction,4.8519905923219mm,0.028685
648,34.219974293769mm,34.0245223016258mm,-0.632193860818638fraction,4.88437459646278mm,0.028734
548,34.2040422357834mm,34.0251527286953mm,-0.661475464320378fraction,4.85206124972786mm,0.028785
517,34.2040422357834mm,34.0199368804262mm,-0.664648239779827fraction,4.8516875655224mm,0.028961
512,34.2040422357834mm,34.0199368804262mm,-0.6036532804692fraction,4.86704368135948mm,0.029532
577,34.2040422357834mm,34.0191113486947mm,-0.664510886976802fraction,4.8519871233492mm,0.029551
508,34.1787154572683mm,34.0245223016258mm,-0.633970998298954fraction,4.88471705542616mm,0.029703
558,34.2040422357834mm,34.0255566077952mm,-0.661666666666667fraction,4.8519905923219mm,0.030008
576,34.2040422357834mm,34.0265026478092mm,-0.599741300172693fraction,4.86804009465983mm,0.030113
549,34.2018008025138mm,34.0245543540046mm,-0.667439003746921fraction,4.86697287933236mm,0.030548
554,34.2040422357834mm,34.0256551286081mm,-0.661675695917001fraction,4.85206473720988mm,0.030703
555,34.178815311458mm,34.0245223016258mm,-0.661629169958306fraction,4.84959532822526mm,0.031012
547,34.2040422357834mm,34.0195712628896mm,-0.664466143672703fraction,4.8519905923219mm,0.031274
591,34.2040422357834mm,34.02001490675mm,-0.664648239779827fraction,4.8516875655224mm,0.031529
606,34.2040422357834mm,34.0264920815705mm,-0.661881419224836fraction,4.85199322822375mm,0.031708
526,34.2040422357834mm,34.020419848569mm,-0.661666666666667fraction,4.8519905923219mm,0.031754
660,34.2040422357834mm,34.0204340124127mm,-0.66032196007933fraction,4.8519905923219mm,0.032343
635,34.2040422357834mm,34.0206411387546mm,-0.665851152576663fraction,4.84986656916595mm,0.032562
590,34.2040422357834mm,34.0245453868277mm,-0.602570531614558fraction,4.86741736556495mm,0.032678
594,34.2250621574114mm,34.0246410860032mm,-0.636516530885565fraction,4.8519905923219mm,0.033062
572,34.2040422357834mm,34.0255318647309mm,-0.661684367118042fraction,4.8519905923219mm,0.033291
622,34.2040422357834mm,34.0255318647309mm,-0.661670807859116fraction,4.85199323546348mm,0.034044
484,34.2040422357834mm,34.0249544638211mm,-0.664274941326414fraction,4.86697287933236mm,0.034386
536,34.2040422357834mm,34.0199241998941mm,-0.661773473588605fraction,4.85205852034999mm,0.034593
544,34.2040422357834mm,34.0256015725139mm,-0.661668096668713fraction,4.86818793532285mm,0.034599
628,34.2208398428653mm,34.0199368804262mm,-0.603805946139967fraction,4.88229674897006mm,0.035334
533,34.2040422357834mm,34.0194469511973mm,-0.661666666666667fraction,4.8519905923219mm,0.035373
640,34.2040422357834mm,34.0246238555192mm,-0.600270721827345fraction,4.86741736556495mm,0.035382
560,34.2040422357834mm,34.0249544638211mm,-0.661666345998194fraction,4.8519905923219mm,0.035396
565,34.2040422357834mm,34.0199368804262mm,-0.663967436607293fraction,4.85270891484835mm,0.035468
468,34.2040422357834mm,34.0199368804262mm,-0.6036532804692fraction,4.85213205175498mm,0.035789
509,34.2040422357834mm,34.020406813453mm,-0.661666666666667fraction,4.8519905923219mm,0.036238
611,34.2040422357834mm,34.0199404073099mm,-0.661634949378072fraction,4.71388695914518mm,0.036251
613,34.2040422357834mm,34.0190688629768mm,-0.663577538003142fraction,4.85092513457035mm,0.03697
658,34.2040422357834mm,34.0197708187973mm,-0.664411279196953fraction,4.85164836331423mm,0.037543
567,34.2052181430555mm,34.020406813453mm,-0.661666666666667fraction,4.8519905923219mm,0.037598
637,34.2040422357834mm,34.0245453868277mm,-0.661720069090957fraction,4.85179210058071mm,0.037751
571,34.2040422357834mm,34.0204155557378mm,-0.662302312984935fraction,4.8519905923219mm,0.038257
518,34.2040422357834mm,34.0249544638211mm,-0.603279982015786fraction,4.86741736556495mm,0.038746
625,34.2040422357834mm,34.0247756452764mm,-0.664274941326414fraction,4.85198588953425mm,0.039167
487,34.2040422357834mm,34.020407168037mm,-0.659967781513676fraction,4.91094109336236mm,0.039302
566,34.2040422357834mm,34.0199368804262mm,-0.604334083641734fraction,4.86602233203353mm,0.039638
356,34.2040422357834mm,34.020407168037mm,-0.661666666666667fraction,4.8519905923219mm,0.039648
495,34.176487495248mm,34.0155049539451mm,-0.708409332293733fraction,4.91768772644802mm,0.039989
494,34.2040422357834mm,34.0255315057942mm,-0.660323039810878fraction,4.8519905923219mm,0.040383
465,34.2322510835476mm,34.0199368804262mm,-0.667376068393165fraction,4.8519905923219mm,0.0404
644,34.2019285767655mm,34.0249544638211mm,-0.662329223280913fraction,4.85187889535823mm,0.04045
652,34.2040422357834mm,34.024431164312mm,-0.665851152576663fraction,4.85199804728002mm,0.041199
527,34.1910389997432mm,34.0215602308788mm,-0.595275044502629fraction,4.85277085370399mm,0.041284
408,34.2040422357834mm,34.0199368804262mm,-0.661773473588605fraction,4.8519905923219mm,0.041707
525,34.2040422357834mm,34.0199241998941mm,-0.661773473588605fraction,4.8519905923219mm,0.041709
546,34.2040422357834mm,34.0253483707543mm,-0.66166198396802fraction,4.84998027721088mm,0.041721
564,34.2040422357834mm,34.0199368804262mm,-0.591225320807438fraction,4.8519905923219mm,0.041739
502,34.2040422357834mm,34.0256015725139mm,-0.661668096668713fraction,4.8519905923219mm,0.041745
540,34.2208551564334mm,34.0245223016258mm,-0.634291167205465fraction,4.88419861270432mm,0.042049
646,34.2208551564334mm,34.0244816700306mm,-0.635917782000377fraction,4.88352804518089mm,0.042374
651,34.2229484983935mm,34.0208510604458mm,-0.636516530885565fraction,4.84997282225275mm,0.042425
618,34.2040422357834mm,34.0197708187973mm,-0.664393705377199fraction,4.85156827117317mm,0.042694
584,34.2040422357834mm,34.02496368253mm,-0.664274941326414fraction,4.85199332169977mm,0.042999
592,34.2208551564334mm,34.024444275302mm,-0.635150309044146fraction,4.88437459646278mm,0.043113
562,34.2229484983935mm,34.0249506428124mm,-0.63611934458419fraction,4.8519905923219mm,0.043836
621,34.2040422357834mm,34.0249544638211mm,-0.664272230136011fraction,4.85199067855818mm,0.044528
597,34.2040422357834mm,34.0249544638211mm,-0.663507468370182fraction,4.8516220876133mm,0.044741
669,34.2040422357834mm,34.0204332412459mm,-0.662305226071898fraction,4.8519905923219mm,0.045333
653,34.2049426098485mm,34.0244130249243mm,-0.661668096668713fraction,4.84874650190089mm,0.045398
623,34.2040422357834mm,34.0200646820912mm,-0.66166806431195fraction,4.8519905923219mm,0.045746
575,34.2040422357834mm,34.024534820589mm,-0.661668096668713fraction,4.85136786322701mm,0.047323
458,34.2040422357834mm,34.0193594795164mm,-0.661772043586558fraction,4.8519905923219mm,0.047376
612,34.2040422357834mm,34.0255283378472mm,-0.603779468519677fraction,4.8519905923219mm,0.047422
638,34.3406198879261mm,34.0202320617612mm,-0.600333701815306fraction,4.86560554219511mm,0.047675
532,34.2040422357834mm,34.0254775630571mm,-0.661666666666667fraction,4.8519905923219mm,0.047758
620,34.2040422357834mm,34.0204194922293mm,-0.660427956848976fraction,4.86090397777759mm,0.048439
583,34.2229484983935mm,34.0246318672942mm,-0.636516530885565fraction,4.8519905923219mm,0.048498
604,34.2040422357834mm,34.0249544638211mm,-0.664275849030836fraction,4.85205328053329mm,0.048743
671,34.2040422357834mm,34.0204155557378mm,-0.662318864825843fraction,4.8519905923219mm,0.048986
586,34.2040422357834mm,34.0204155557378mm,-0.662036817917863fraction,4.8519905923219mm,0.049119
551,34.2040422357834mm,34.0199368804262mm,-0.661647285538128fraction,4.85213205175498mm,0.049164
666,34.2040422357834mm,34.0247273960209mm,-0.664547124469372fraction,4.85246257156267mm,0.049495
521,34.2042975783817mm,34.0250584229254mm,-0.593203966817174fraction,4.88437459646278mm,0.050062
501,34.2040422357834mm,34.024884756038mm,-0.660427956848976fraction,4.8519905923219mm,0.050217
589,34.2040422357834mm,34.0256551286081mm,-0.658846464475136fraction,4.85206473720988mm,0.050823
617,34.2040422357834mm,34.0206411387546mm,-0.66586359859687fraction,4.85009871526478mm,0.051111
570,34.2040422357834mm,34.0199355893926mm,-0.661908755049088fraction,4.85199144861723mm,0.051279
205,34.2040422357834mm,34.0249544638211mm,-0.661666666666667fraction,4.8519905923219mm,0.051447
510,34.2040422357834mm,34.0249548184051mm,-0.661666666666667fraction,4.8519905923219mm,0.051447
563,34.2040422357834mm,34.0249544638211mm,-0.663853382163127fraction,4.8519905923219mm,0.051482
429,34.2040422357834mm,34.0249544638211mm,-0.660427956848976fraction,4.8519905923219mm,0.052069
578,34.2040422357834mm,34.0249119781031mm,-0.631099652356118fraction,4.85199330319044mm,0.052271
524,33.8551999301919mm,34.1732926551636mm,-0.710095530677713fraction,4.91973945955002mm,0.052632
537,34.2038909087201mm,34.0246669599567mm,-0.636516530885565fraction,4.8519905923219mm,0.052944
663,34.2040422357834mm,34.019256231579mm,-0.664547124469372fraction,4.85246257156267mm,0.053448
616,34.2040422357834mm,34.024544773006mm,-0.599461185414273fraction,4.86741736556495mm,0.053542
641,34.2040422357834mm,34.0197708187973mm,-0.664395315004056fraction,4.85168854387698mm,0.05422
581,34.2040422357834mm,34.0196293349679mm,-0.666004451856051fraction,4.85168670922706mm,0.05489
503,34.2040422357834mm,34.0076153309069mm,-0.706862129162105fraction,4.91094109336236mm,0.055687
556,34.2039423815937mm,34.0202320617612mm,-0.634654299074218fraction,4.88510200441178mm,0.056107
396,33.686537855483mm,34.1728283793647mm,-0.708409332293733fraction,4.91768772644802mm,0.056233
520,34.2040422357834mm,34.0255921040942mm,-0.661666666666667fraction,4.8519905923219mm,0.058942
539,34.2040422357834mm,34.020407168037mm,-0.662525808505348fraction,4.85216657608035mm,0.060064
530,34.2040422357834mm,34.0247817148758mm,-0.66231247073357fraction,4.84998027721088mm,0.060541
600,34.2040422357834mm,34.0245663166746mm,-0.661666345998194fraction,4.8519905923219mm,0.060653
477,34.176487495248mm,34.1728283793647mm,-0.708409332293733fraction,4.91768772644802mm,0.061061
550,34.223096589703mm,34.0249224114422mm,-0.631986246623638fraction,4.88437459646278mm,0.061396
574,34.2040422357834mm,34.0249594992979mm,-0.664269892474146fraction,4.86697287933236mm,0.061713
493,34.2040422357834mm,34.0249548227578mm,-0.661773013706812fraction,4.8519905923219mm,0.061821
633,34.2045312805117mm,34.0246410860032mm,-0.636516530885565fraction,4.8519905923219mm,0.061999
515,34.2019488938233mm,34.0202883836596mm,-0.660300444825247fraction,4.88437459646278mm,0.062168
582,34.2040422357834mm,34.0305059042359mm,-0.664441641083978fraction,4.8519905923219mm,0.062974
557,34.2040422357834mm,34.0249297207568mm,-0.661668096668713fraction,4.8519905923219mm,0.063151
639,34.2040422357834mm,34.0196910590723mm,-0.661137245012015fraction,4.8519905923219mm,0.063499
559,34.2040422357834mm,34.0255318647309mm,-0.661668417337186fraction,4.8519905923219mm,0.065708
615,34.2208551564334mm,34.0245229154475mm,-0.635430423802566fraction,4.88437459646278mm,0.065793
425,33.8394627660531mm,34.0333577853371mm,-0.654887099488423fraction,4.86274158408053mm,0.066311
636,34.2040422357834mm,34.024785630853mm,-0.664547124469372fraction,4.8525762796076mm,0.066465
645,34.2040422357834mm,34.0191094945719mm,-0.631335598006506fraction,4.85198710483988mm,0.066698
506,34.2040422357834mm,34.0199368804262mm,-0.605954896922729fraction,4.85213026818476mm,0.066869
647,34.2049230984478mm,34.0263513577295mm,-0.664749548052639fraction,4.86650090009159mm,0.067004
614,34.2040422357834mm,34.0246449070119mm,-0.632430187631153fraction,4.8680348496019mm,0.067051
609,34.2040422357834mm,34.0246695077514mm,-0.664672127627789fraction,4.86697287933236mm,0.068381
568,34.2217725911215mm,34.0246410860032mm,-0.636516530885565fraction,4.8519905923219mm,0.068591
662,34.2019285767655mm,34.0249644312608mm,-0.664303357949639fraction,4.85244146136204mm,0.068969
522,34.2205998138351mm,34.1739643704379mm,-0.661666666666667fraction,4.8519905923219mm,0.069769
654,34.2199547823683mm,34.026601358272mm,-0.635917782000377fraction,4.88677213560189mm,0.070062
505,34.2040422357834mm,34.020407168037mm,-0.659365050213138fraction,4.85199237589211mm,0.071018
421,34.2208551564334mm,34.1740683295422mm,-0.593203966817174fraction,4.88437459646278mm,0.071884
461,33.6792991428618mm,34.171506024798mm,-0.661638333396838fraction,4.86274158408053mm,0.072448
467,34.2052685732017mm,34.2010583736985mm,-0.602851308917693fraction,4.93300487118478mm,0.072624
649,34.2041968221475mm,34.0210063898757mm,-0.637581344243493fraction,4.8519905923219mm,0.072831
587,34.178815311458mm,34.0245223016258mm,-0.661662317248947fraction,4.8496991943135mm,0.073133
528,34.2040422357834mm,34.1573437920041mm,-0.661772043586558fraction,4.91709320866678mm,0.073529
491,34.1561281322579mm,34.1832086955804mm,-0.664841542421191fraction,4.8519905923219mm,0.073621
498,34.2208551564334mm,34.1686583729568mm,-0.588830691941218fraction,4.88437459646278mm,0.074477
573,34.2040422357834mm,34.0246398715351mm,-0.664677176480057fraction,4.86697287933236mm,0.075917
375,34.1910389997432mm,34.1595445433665mm,-0.595275044502629fraction,4.91787347004888mm,0.077234
469,33.6251113234463mm,34.1959966470049mm,-0.592610064752392fraction,4.9328634117517mm,0.077577
489,34.2040422357834mm,34.1991813926225mm,-0.66044158228317fraction,4.8519905923219mm,0.078731
507,33.7214388420269mm,34.171506024798mm,-0.66281764414203fraction,4.86239912511715mm,0.078785
632,34.2040422357834mm,34.0264932383614mm,-0.661668096668713fraction,4.86770776479011mm,0.079964
478,33.6018563581689mm,34.1800896987853mm,-0.59611943421944fraction,4.91787425440563mm,0.081424
500,34.1682211267248mm,34.1796044415527mm,-0.660427956848976fraction,4.88749262087569mm,0.081945
464,33.6583290077189mm,34.1728283793647mm,-0.702806737489174fraction,4.91768772644802mm,0.082821
496,34.2040422357834mm,34.1772603058458mm,-0.661773473588605fraction,4.8519905923219mm,0.083101
629,34.2208551564334mm,34.0245308923503mm,-0.635150309044146fraction,4.53832561270458mm,0.084837
470,33.6024944556039mm,34.1768616482994mm,-0.567916042403302fraction,4.88884953970901mm,0.089772
453,33.6864071082047mm,34.195237323909mm,-0.708409332293733fraction,4.93355315220603mm,0.089901
444,34.2040422357834mm,33.9824197380086mm,-0.661666666666667fraction,4.8519905923219mm,0.091267
481,33.6767192952513mm,34.1737891098494mm,-0.660967643508929fraction,4.91787347004888mm,0.094148
457,34.1666798135126mm,34.1735877024606mm,-0.654125962046203fraction,4.92526342648885mm,0.097362
394,33.6251113234463mm,34.1959966470049mm,-0.706863878573647fraction,4.8889867022032mm,0.098546
668,34.2228182870213mm,34.0246404159776mm,-0.635169127151351fraction,4.88389738386161mm,0.09945
452,33.6252420707246mm,34.1735877024606mm,-0.707447803253394fraction,4.91660390089774mm,0.10075
492,33.6461266051614mm,34.1730472621519mm,-0.595275044502629fraction,4.91787347004888mm,0.101
514,34.2052685732017mm,34.2057807757584mm,-0.60220550485079fraction,4.93501518629579mm,0.10134
474,33.6284553990582mm,34.1594114659986mm,-0.707447803253394fraction,4.91660390089774mm,0.10546
427,33.8435820452872mm,34.1732942546964mm,-0.811821168194666fraction,4.91991459720934mm,0.10768
439,34.1995328063218mm,34.1728283793647mm,-0.594906847913377fraction,4.91784946912927mm,0.1089
397,33.6024944556039mm,34.1779723111189mm,-0.59611943421944fraction,4.91787347004888mm,0.10996
463,34.2040422357834mm,34.1924520375424mm,-0.662993031477604fraction,4.8519905923219mm,0.11196
438,33.6780440489044mm,34.1595445433665mm,-0.708777528882985fraction,4.91771172736763mm,0.11268
422,33.6024944556039mm,34.1730472621519mm,-0.663636481787335fraction,4.91787347004888mm,0.11269
330,33.6251113234463mm,34.1959966470049mm,-0.707447803253394fraction,4.93419179524745mm,0.11406
400,33.6774695750161mm,34.0333577853371mm,-0.661638333396838fraction,4.86274158408053mm,0.11627
504,33.6252420707246mm,34.1863795395907mm,-0.660553455604966fraction,4.91660390089774mm,0.11859
450,34.1910389997432mm,34.1595445433665mm,-0.69987153883833fraction,4.91733792551985mm,0.11937
485,33.6024944556039mm,34.1779723111189mm,-0.593511159559692fraction,4.90289118303841mm,0.11954
451,33.6251113234463mm,34.1959966470049mm,-0.602851308917693fraction,4.93300487118478mm,0.11974
483,33.6251113234463mm,34.1959966470049mm,-0.602851308917693fraction,4.93292049742006mm,0.11974
475,34.1878256714095mm,34.1737207798285mm,-0.69987153883833fraction,4.91733792551985mm,0.12136
437,33.6774695750161mm,34.0333239051496mm,-0.661638333396838fraction,4.86274158408053mm,0.12145
454,33.6030987194562mm,34.1959966470049mm,-0.706863878573647fraction,4.89147057213313mm,0.12449
371,33.686537855483mm,34.1777534283317mm,-0.709253722010544fraction,4.91768772644802mm,0.12647
377,33.6251113234463mm,34.1959966470049mm,-0.707447803253394fraction,4.93246932665575mm,0.1269
471,33.6251113234463mm,34.1950548969254mm,-0.706863878573647fraction,4.91943052961031mm,0.13095
486,33.686537855483mm,34.1728283793647mm,-0.710108217446723fraction,4.85873722540755mm,0.13586
418,33.6251113234463mm,34.1959966470049mm,-0.70554639056598fraction,4.93419179524745mm,0.13672
482,33.6252420707246mm,34.1735877024606mm,-0.707447803253394fraction,4.91668827466246mm,0.14135
479,33.6257494208813mm,34.1938792593385mm,-0.707447803253394fraction,4.932468542299mm,0.14226
293,33.6024944556039mm,34.1730472621519mm,-0.595275044502629fraction,4.91787347004888mm,0.1432
476,33.7140925960185mm,34.0199368804262mm,-0.593412036303899fraction,4.8519905923219mm,0.15099
391,33.6024944556039mm,34.1759198982199mm,-0.567916042403302fraction,4.91929336711612mm,0.1522
455,33.624507059594mm,34.1779723111189mm,-0.59611943421944fraction,4.91538960011895mm,0.15267
401,35.0090888036383mm,34.0233290035709mm,-0.654556101424503fraction,4.91543888892338mm,0.15472
380,33.686537855483mm,34.1837186686285mm,-0.811201976776445fraction,4.87920771121206mm,0.16923
350,33.686537855483mm,34.1835066532349mm,-0.818473190567556fraction,4.87938205602317mm,0.1703
288,33.686537855483mm,34.1835066532349mm,-0.811821168194666fraction,4.87920771121206mm,0.17129
433,35.0124246688511mm,34.017397082607mm,-0.644969896019179fraction,4.91527281109163mm,0.17571
473,33.6774695750161mm,34.1597362547066mm,-0.661638333396838fraction,5.13746591515959mm,0.17935
411,33.686537855483mm,34.2090440891351mm,-0.662550600844232fraction,4.91768772644802mm,0.18527
334,35.0121630731757mm,34.0293215186771mm,-0.654527768154675fraction,4.91504995916178mm,0.18892
445,33.67616158283mm,34.0254566994701mm,-0.564995172771831fraction,4.88746826544302mm,0.19551
378,33.7286706383606mm,34.0387044579125mm,-0.711378217305656fraction,4.91768772644802mm,0.21474
344,33.6505242052912mm,34.02mm,-0.661760748778224fraction,4.86379344133404mm,0.21965
523,33.6749199705783mm,34.1728299788975mm,-0.810134969810686fraction,4.91786286410733mm,0.22259
310,33.6774695750161mm,34.0333577853371mm,-0.661666666666667fraction,4.86448568900571mm,0.23175
402,33.5338863236403mm,34.1730472621519mm,-0.595275044502629fraction,4.91511172711141mm,0.23786
381,33.6251113234463mm,34.1957846316113mm,-0.708066994671615fraction,4.93419179524745mm,0.23916
424,35.0121630731757mm,34.0293215186771mm,-0.661279002063089fraction,4.91504995916178mm,0.24676
364,35.0090888036383mm,34.0233290035709mm,-0.654527768154675fraction,4.9136947839982mm,0.25331
388,33.6754386814157mm,34.1834772107362mm,-0.809816996260965fraction,4.87366225139562mm,0.27076
409,33.6505242052912mm,34.0250175833949mm,-0.661653941856286fraction,4.86379344133404mm,0.27315
407,33.67616158283mm,33.9829219736576mm,-0.564995172771831fraction,4.88746826544302mm,0.28254
428,33.6505242052912mm,34.02mm,-0.66148351196399fraction,4.86448808070066mm,0.28753
466,33.6238849860281mm,34.0198927371275mm,-0.660427956848976fraction,4.8519905923219mm,0.29438
499,33.6609324325049mm,34.0413466692733mm,-0.706863878573647fraction,4.85348467364941mm,0.295
374,33.6154976916442mm,34.0339098868224mm,-0.661666666666667fraction,4.8519905923219mm,0.29621
442,33.6676073173402mm,34.0300761477822mm,-0.707471309992609fraction,4.8794253907973mm,0.29703
406,33.60380244779mm,34.0333577853371mm,-0.664208594623787fraction,4.86627766656282mm,0.3004
490,33.8914961488127mm,34.015040022937mm,-0.808646292440141fraction,4.91991459720934mm,0.31621
417,35.0794486282383mm,34.0211529325265mm,-0.707447803253394fraction,4.91446525433684mm,0.31742
373,35.0724448741662mm,34.0300761477822mm,-0.707471309992609fraction,4.9151mm,0.32177
309,35.0692880847366mm,34.0311444591752mm,-0.707447803253394fraction,4.9151mm,0.32382
472,33.6024944556039mm,34.0466349125949mm,-0.595275044502629fraction,4.91787347004888mm,0.32715
419,33.6774695750161mm,34.0333577853371mm,-0.663539746084252fraction,4.86274158408053mm,0.33024
385,33.6505242052912mm,34.02mm,-0.660244802146299fraction,4.86448808070066mm,0.34244
332,33.6349421859352mm,34.0398212515355mm,-0.595275044502629fraction,4.91787347004888mm,0.34503
449,35.0788806617395mm,34.0323127135295mm,-0.707447803253394fraction,4.91509595403832mm,0.34872
414,33.8419412802857mm,34.017397082607mm,-0.811821168194666fraction,4.87920771121206mm,0.34943
242,35.0692880847366mm,34.0321819891041mm,-0.707447803253394fraction,4.9151mm,0.3548
324,35.0692880847366mm,34.0321819891041mm,-0.706710183512452fraction,4.9151mm,0.36099
436,35.0692880847366mm,34.0322158692915mm,-0.707447803253394fraction,4.9151mm,0.36344
376,35.0692880847366mm,34.0311444591752mm,-0.707447803253394fraction,4.9168224685917mm,0.36873
342,35.0690182904799mm,34.0301907129793mm,-0.709269295583318fraction,4.9151mm,0.37037
431,35.0700518937448mm,34.0321819891041mm,-0.658783941503343fraction,4.9151mm,0.37913
460,33.6006648877581mm,34.034899022691mm,-0.595275044502629fraction,4.91787347004888mm,0.38845
448,35.0698560512355mm,34.021022208101mm,-0.707447803253394fraction,4.91446930029852mm,0.39363
413,35.0675407712883mm,33.9826859831737mm,-0.635150309044146fraction,4.88926024300012mm,0.39809
432,33.8386054150729mm,34.0233290035709mm,-0.82140737359999fraction,4.87937378904381mm,0.40203
430,35.0083249946301mm,34.0233290035709mm,-0.703191629904726fraction,4.9136947839982mm,0.40374
318,35.0724448741662mm,34.0300761477822mm,-0.709269295583318fraction,4.9151mm,0.40623
349,35.0934106464272mm,34.0291836332146mm,-0.629898699726913fraction,4.9151mm,0.41622
404,33.6251113234463mm,34.03391223567mm,-0.707447803253394fraction,4.93419179524745mm,0.42259
387,33.6107086211119mm,34.023051460995mm,-0.567537100728951fraction,4.88918588524176mm,0.42515
480,33.6032447353687mm,34.0326159376396mm,-0.664307171675244fraction,4.86274158408053mm,0.43032
446,33.5405690294308mm,34.1834772107362mm,-0.809816996260965fraction,4.87348205397426mm,0.44501
426,33.6848970904815mm,34.0169312072754mm,-0.708409332293733fraction,4.87698084045074mm,0.44731
420,33.6024944556039mm,34.0235012342355mm,-0.6372213867296fraction,4.91787347004888mm,0.45911
434,33.6223830456186mm,34.0333577853371mm,-0.711378605587002fraction,4.86262085224781mm,0.46472
456,33.6626044929954mm,34.020407168037mm,-0.738146452218437fraction,4.84333106673078mm,0.48995
368,35.0714658445425mm,34.02mm,-0.708522669374389fraction,4.86448568900571mm,0.50163
435,35.1275314035637mm,34.0300761477822mm,-0.657731037802445fraction,4.91522073183272mm,0.50445
384,35.0714658445425mm,34.02mm,-0.710038616006314fraction,4.86379104963909mm,0.52695
390,33.6024944556039mm,33.9800493375896mm,-0.594896102828278fraction,4.88784034593288mm,0.52814
488,33.6251113234463mm,34.0217697182035mm,-0.708672887636891fraction,4.93246932665575mm,0.53513
360,35.0785386389074mm,34.0311444591752mm,-0.942097914471191fraction,4.91488863817272mm,0.55407
337,33.6024944556039mm,33.9829219736576mm,-0.567537100728951fraction,4.88918588524176mm,0.55458
321,33.6024944556039mm,33.9829219736576mm,-0.567537100728951fraction,4.88926024300012mm,0.55465
410,33.6505242052912mm,33.9887093391966mm,-0.708463869944535fraction,4.86379344133404mm,0.56311
370,35.0724448741662mm,34.0358293726853mm,-0.81183674176744fraction,4.87661998476404mm,0.57017
366,33.6105731613163mm,34.020438942137mm,-0.707101042928034fraction,4.88555445156016mm,0.5799
416,33.5923339121022mm,33.9929135003064mm,-0.567537100728951fraction,4.88989498866329mm,0.58281
245,33.6024944556039mm,33.9826859831737mm,-0.635150309044146fraction,4.88926024300012mm,0.61435
398,33.582497855305mm,34.0321819891041mm,-0.707447803253394fraction,4.9132960638969mm,0.61782
386,33.6023589958083mm,33.9803094547997mm,-0.707101042928034fraction,4.88555445156016mm,0.63132
462,33.6251113234463mm,34.0284990732836mm,-0.705537513762709fraction,4.8889867022032mm,0.63723
328,33.5941065347703mm,34.0321819891041mm,-0.707447803253394fraction,4.9151mm,0.65086
415,35.0194167302992mm,34.1861095706279mm,-0.661666666666667fraction,4.88798265512148mm,0.67038
367,35.1583535285558mm,34.0317430469671mm,-0.662013426992027fraction,4.91752820356132mm,0.67174
314,33.6024944556039mm,33.9804285385988mm,-0.635150309044146fraction,4.88926024300012mm,0.68379
369,35.172642395296mm,34.0321819891041mm,-0.660591800545672fraction,4.9151mm,0.69521
291,35.0090888036383mm,34.1838146579008mm,-0.654527768154675fraction,4.91655927094186mm,0.70364
194,35.1748201551018mm,34.02mm,-0.654527768154675fraction,4.91655927094186mm,0.71304
300,33.6024944556039mm,33.9696694780779mm,-0.635150309044146fraction,4.88871019907647mm,0.72499
355,35.1748201551018mm,34.02mm,-0.654693076857794fraction,4.91735312656798mm,0.73595
336,33.6024944556039mm,33.9696694780779mm,-0.635150309044146fraction,4.88878455683483mm,0.74605
389,35.0201879777056mm,34.1838441003995mm,-0.656531940088376fraction,4.87321893553377mm,0.75711
345,35.1747678580198mm,34.0333577853371mm,-0.654602564888555fraction,4.91432614454364mm,0.75927
392,33.585681534954mm,33.983118145369mm,-0.661666666666667fraction,4.85687623885924mm,0.76163
247,35.1748201551018mm,34.02mm,-0.661666666666667fraction,4.88798265512148mm,0.76811
341,35.1748201551018mm,34.02mm,-0.654660012504332fraction,4.92279712411639mm,0.7805
395,33.6024944556039mm,33.9696694780779mm,-0.635734233723893fraction,4.93398964987908mm,0.78445
347,35.0692880847366mm,34.1962869187892mm,-0.64740666059168fraction,4.9151mm,0.79156
361,35.1655696009311mm,34.02mm,-0.70449934250922fraction,4.91677063276915mm,0.79225
323,35.1748201551018mm,34.02mm,-0.654696647000112fraction,4.91363389687197mm,0.81277
346,35.0090888036383mm,34.1835243861165mm,-0.714568910816389fraction,4.91655927094186mm,0.81857
357,35.1748201551018mm,34.0245472957841mm,-0.654527768154675fraction,4.91655927094186mm,0.83034
351,35.1748201551018mm,34.0222574445749mm,-0.655014644293777fraction,4.88780831031038mm,0.85575
363,35.1747776997262mm,34.0196592840406mm,-0.671877606104026fraction,4.88798265512148mm,0.8568
362,35.1601895085724mm,34.0003144856972mm,-0.943164275200936fraction,4.89564002958242mm,0.85965
348,33.5815286833429mm,33.9835784977412mm,-0.714520904900552fraction,4.88926024300012mm,0.86406
333,35.0368403544053mm,34.1654079997205mm,-0.707447803253394fraction,4.9151mm,0.87572
382,33.5416389480542mm,33.9829219736576mm,-0.702234810675458fraction,4.89079072467984mm,0.88799
353,35.1748201551018mm,34.02mm,-0.661666666666667fraction,4.86448667576901mm,0.91539
140,35.1748201551018mm,34.02mm,-0.661666666666667fraction,4.86448568900571mm,0.92567
379,35.1305096124184mm,34.1712309595234mm,-0.658467305250559fraction,4.9151mm,0.93336
258,35.1748201551018mm,34.02mm,-0.654527768154675fraction,4.91504995916178mm,0.93716
338,35.1752823977408mm,34.0331505583422mm,-0.97618655651401fraction,4.91509360783685mm,0.94102
447,35.2143182802232mm,34.0211529325265mm,-0.707447803253394fraction,4.9146454517582mm,0.9494
286,35.1601470531968mm,33.9999737697377mm,-0.953375214638295fraction,4.89564002958242mm,0.96281
412,33.6073985584818mm,34.0358293726853mm,-0.81183674176744fraction,4.87661998476404mm,0.96781
343,35.1906264042823mm,34.0330359931452mm,-0.97618655651401fraction,4.9151mm,0.975
339,35.186737577957mm,34.02mm,-0.654527768154675fraction,4.91656566310501mm,0.97886
296,35.1748201551018mm,34.02mm,-0.939149453727017fraction,4.91655927094186mm,0.98404
340,35.1748201551018mm,34.02mm,-0.661534422317009fraction,4.85824783583118mm,0.9861
440,33.6033903099251mm,34.0262136218758mm,-0.818473190567556fraction,4.87938205602317mm,0.99698
315,35.1748201551018mm,34.0222574445749mm,-0.661666666666667fraction,4.88798265512148mm,0.99822
399,35.1119015528779mm,34.1959966470049mm,-0.707447803253394fraction,4.93599573135054mm,1.0246
322,35.1748201551018mm,34.02mm,-0.661497787821229fraction,4.86590175129553mm,1.0265
383,35.1301435922864mm,34.0311444591752mm,-0.572750093306886fraction,4.91356951832028mm,1.0362
172,35.0692880847366mm,34.1959966470049mm,-0.707447803253394fraction,4.9151mm,1.0398
272,35.187199820596mm,34.0331505583422mm,-0.97618655651401fraction,4.9151mm,1.0538
354,35.1748201551018mm,34.02mm,-0.661670236808984fraction,4.88426342542547mm,1.0569
405,35.0692880847366mm,34.194266400439mm,-0.706710183512452fraction,4.9151mm,1.0659
443,35.091375412309mm,34.1835066532349mm,-0.818473190567556fraction,4.91505666522587mm,1.0715
294,33.6234021761118mm,34.1842356242233mm,-0.953738495517088fraction,4.90293395757019mm,1.0716
308,35.189018509205mm,33.9965098828244mm,-0.986809292610069fraction,4.89719198765628mm,1.0777
259,35.0692880847366mm,34.1959966470049mm,-0.707447803253394fraction,4.91660931178008mm,1.085
372,35.0692880847366mm,34.1959966470049mm,-0.709245788844103fraction,4.91660931178008mm,1.1067
280,35.1748201551018mm,33.9573349040314mm,-0.746816882383045fraction,4.86539137081814mm,1.1122
358,35.1748201551018mm,34.02mm,-0.677380328066326fraction,4.86448568900571mm,1.1401
276,35.189018509205mm,33.9954723528955mm,-0.986809292610069fraction,4.89719198765628mm,1.1402
365,35.1748201551018mm,34.18048565433mm,-0.654696647000112fraction,4.91649838381562mm,1.1936
277,35.6173729377073mm,34.1702130212582mm,-0.957923217677997fraction,5.66375696669912mm,1.2183
403,35.1378962167002mm,34.1962869187892mm,-0.64740666059168fraction,4.91786174293747mm,1.255
359,35.1748201551018mm,34.1570624629159mm,-0.66065122241555fraction,4.86448568900571mm,1.2876
243,35.1748201551018mm,34.1838146579008mm,-0.654527768154675fraction,4.91655927094186mm,1.3374
200,35.187199820596mm,34.1702130212582mm,-0.990884773662551fraction,4.9151mm,1.3687
335,35.1717458855644mm,34.1744931392238mm,-0.654527768154675fraction,4.91655927094186mm,1.3688
302,35.1809155146734mm,34.1763510149948mm,-0.983153336172182fraction,4.86252106987683mm,1.4785
304,35.1756495673375mm,34.1838146579008mm,-0.998099459567378fraction,4.91655927094186mm,1.5214
273,35.1748201551018mm,34.1570624629159mm,-0.676364883815209fraction,4.86448568900571mm,1.5606
319,35.1716633656723mm,34.1591683042378mm,-0.674543391485284fraction,4.86448568900571mm,1.5641
313,35.2580132218442mm,33.9573349040314mm,-0.746816882383045fraction,4.86539137081814mm,1.5667
352,35.1748201551018mm,33.8432673957489mm,-0.671453339951664fraction,4.86444809101404mm,1.7668
327,33.2806312831436mm,34.0157306210809mm,-0.659539210605426fraction,4.86448568900571mm,1.8946
292,35.1748201551018mm,33.8432673957489mm,-0.653706536465761fraction,4.86444907777734mm,1.8986
82,35.26mm,34.17625mm,-0.990884773662551fraction,4.9151mm,1.9654
183,35.26mm,34.17625mm,-0.953738495517088fraction,4.9151mm,2.0875
312,35.1768069332576mm,34.17625mm,-0.998023672174543fraction,4.86302641806386mm,2.1562
317,35.1761849829157mm,34.1959966470049mm,-0.707447803253394fraction,4.91840504275447mm,2.1611
305,35.2591705877644mm,34.17625mm,-0.65445198076184fraction,4.86302641806386mm,2.1855
266,33.2806312831436mm,34.0157306210809mm,-0.661666666666667fraction,4.86448568900571mm,2.2668
251,35.26mm,34.17625mm,-0.817043365349827fraction,4.86302641806386mm,2.2685
193,35.26mm,34.17625mm,-0.998023672174543fraction,4.86302641806386mm,2.3935
329,35.0776760055703mm,33.8325mm,-0.575246913580247fraction,4.76126343027159mm,2.4427
268,33.7260698776147mm,34.3175855672878mm,-0.824404086180662fraction,6.07100369392982mm,2.4897
441,35.0922363491962mm,34.1806220349299mm,-0.654556101424503fraction,4.91543888892338mm,2.6046
331,35.1094144653438mm,34.3254967655156mm,-0.811821168194666fraction,6.07101725545531mm,2.7973
299,35.8739102260088mm,34.1574140036657mm,-0.957923217677997fraction,5.66375696669912mm,2.8292
197,35.0692880847366mm,34.2135201065795mm,-0.824754573189297fraction,4.9151mm,2.9616
311,35.1625882841393mm,34.3075797392608mm,-0.811821168194666fraction,6.09010905070275mm,2.9693
248,33.6652377040535mm,34.3254967655156mm,-0.811821168194666fraction,6.09010905070275mm,2.9797
283,35.4658518878652mm,34.1946447067279mm,-0.990884773662551fraction,4.9151mm,3.0444
289,35.1535200036723mm,34.3212455292638mm,-0.654527768154675fraction,6.12746061043255mm,3.2425
295,35.3018355279417mm,34.3175111412923mm,-0.811821168194666fraction,6.10227509313256mm,3.2925
191,33.6652377040535mm,34.3209375245979mm,-0.811821168194666fraction,6.09010905070275mm,3.3295
301,35.0692880847366mm,34.2090131521007mm,-0.707447803253394fraction,4.91565004392366mm,3.4157
297,35.6173729377073mm,34.1702130212582mm,-0.673301532105655fraction,5.66375696669912mm,3.4744
260,35.6191916263164mm,34.0024446821971mm,-0.953375214638295fraction,5.6458489543554mm,3.912
303,35.2539046404285mm,34.183713642906mm,-0.669398104157036fraction,4.91706461912888mm,3.9805
254,33.6024944556039mm,33.8325mm,-0.575246913580247fraction,4.76126343027159mm,4.062
188,35.6191916263164mm,33.9954723528955mm,-0.953847736625514fraction,5.6458489543554mm,4.0857
325,35.1326420789753mm,33.8325mm,-0.545710985386719fraction,4.8762559026683mm,4.3317
320,33.6024944556039mm,33.8322640095161mm,-0.642860121895442fraction,4.76126343027159mm,4.3335
155,33.0928181263767mm,33.8325mm,-0.538057934898798fraction,4.07292541868348mm,4.3969
267,34.9886378249035mm,34.083357285426mm,-0.510980144170583fraction,4.46700061531409mm,4.4236
241,35.1326420789753mm,33.8325mm,-0.544973365645777fraction,4.8762559026683mm,4.5728
240,33.1349962025032mm,34.02mm,-0.654751235919687fraction,4.0611552050209mm,4.5771
175,33.6024944556039mm,33.8325mm,-0.575246913580247fraction,4.88926024300012mm,5.1816
218,35.7837104730901mm,33.9954723528955mm,-0.953847736625514fraction,5.6458489543554mm,5.7522
290,33.0447357030088mm,34.0112770363533mm,-0.812178425804998fraction,4.89339833684536mm,6.2111
246,33.6024944556039mm,33.8325mm,-0.594453812813715fraction,4.86576327688435mm,6.5514
210,33.6024944556039mm,33.8325mm,-0.594453812813715fraction,4.88926024300012mm,6.726
282,32.8869662385115mm,33.8141052932721mm,-0.538057934898798fraction,4.07292541868348mm,7.5177
287,35.6338647282215mm,34.0224709124593mm,-0.654527768154675fraction,5.66525888393476mm,7.5425
257,33.6024944556039mm,33.832256476718mm,-0.814397127894228fraction,4.88926024300012mm,7.7713
264,32.9449253457795mm,34.02mm,-0.659506135935299fraction,4.86448568900571mm,8.373
326,32.9449253457795mm,34.02mm,-0.661633591996539fraction,4.86448568900571mm,8.4363
213,33.6024944556039mm,33.832256476718mm,-0.997758014609205fraction,4.88926024300012mm,8.629
224,33.0944489529453mm,34.0790879065068mm,-0.510980144170583fraction,4.46700061531409mm,8.8034
255,32.8790043515452mm,34.0112770363533mm,-0.812178425804998fraction,4.89339833684536mm,8.966
256,32.9021795818848mm,34.3439538610731mm,-0.962501145917275fraction,6.0617903964178mm,9.0422
316,33.4955975574248mm,33.832256476718mm,-0.814397127894228fraction,4.88746451202574mm,9.06
211,32.9537242874229mm,34.2618215874353mm,-0.812178425804998fraction,4.9124043185479mm,9.2797
215,32.8790043515452mm,34.0112770363533mm,-0.812178425804998fraction,4.76540152411683mm,9.3979
165,32.9021795818848mm,34.3439538610731mm,-0.779140259202299fraction,6.0617903964178mm,9.9139
275,32.8639196704075mm,34.0790879065068mm,-0.661666666666667fraction,4.49278818903232mm,10.275
250,32.9537242874229mm,34.2618215874353mm,-0.993158732629714fraction,4.9124043185479mm,10.825
307,35.1110929803186mm,34.307330670697mm,-0.684331806215484fraction,4.9151mm,12.293
232,33.7669845336988mm,34.4507812680655mm,-0.809814814814815fraction,6.62027250206978mm,13.126
236,34.82mm,34.0137397364682mm,-0.377143302625775fraction,4.91061642826671mm,13.72
298,32.8362808380752mm,33.8452990175925mm,-0.538057934898798fraction,4.07292541868348mm,13.749
279,35.0692880847366mm,34.1959966470049mm,-0.707447803253394fraction,6.50758210513194mm,14.206
262,33.6024944556039mm,33.8154151953919mm,-0.997758014609205fraction,4.89383589869663mm,14.944
212,34.9945681488589mm,34.5791750595696mm,-0.707447803253394fraction,6.6361956814521mm,15.29
306,33.6842649820328mm,34.0424368856949mm,-0.847520083218572fraction,6.07100369392982mm,15.694
145,35.1mm,34.6251644450069mm,-0.745566268860496fraction,6.53501375804706mm,16.006
244,35.6191916263164mm,33.8452863697218mm,-0.913151240395084fraction,5.6458489543554mm,16.44
230,35.1mm,34.6251644450069mm,-0.745566268860496fraction,6.45010877995967mm,16.875
285,35.2788691598498mm,34.17625mm,-0.707315592351331fraction,6.47508737549691mm,17.173
208,35.2298956791772mm,34.1856343743806mm,-0.419608588609361fraction,4.96740349862153mm,17.403
263,35.2298956791772mm,34.2024756557067mm,-0.419608588609361fraction,4.96282784292502mm,18.058
253,34.6370072428551mm,34.6848455367754mm,-0.811821168194666fraction,6.63920330909813mm,19.452
265,35.3227129356991mm,33.8325mm,-0.540218465630166fraction,4.07292541868348mm,19.908
105,32.86mm,34.4507812680655mm,-0.809814814814815fraction,6.6335mm,20.6
252,32.8711454356121mm,34.4507812680655mm,-0.809814814814815fraction,6.6335mm,20.686
158,34.6481526784671mm,34.6848455367754mm,-0.811821168194666fraction,6.63920330909813mm,21.32
261,32.86mm,34.4438089387639mm,-0.810287336802034fraction,6.6335mm,21.467
281,35.1mm,34.6878295409755mm,-0.660416053144118fraction,6.44920309814724mm,21.629
269,35.1139879815406mm,34.6570749209568mm,-0.649083748680671fraction,6.75168952166182mm,23.514
131,32.8790043515452mm,34.645mm,-0.812178425804998fraction,6.6335mm,23.96
249,32.8790043515452mm,34.6404407590822mm,-0.812178425804998fraction,6.6335mm,24.23
271,35.7954516418543mm,34.645mm,-0.640352965639715fraction,6.50981353152728mm,24.514
216,35.1748201551018mm,34.6537229636467mm,-0.661666666666667fraction,6.73258416488889mm,24.84
22,32.86mm,34.645mm,-0.809814814814815fraction,6.6335mm,24.904
237,32.8790043515452mm,34.645mm,-0.827305197260656fraction,6.6335mm,25.312
176,35.5175055443961mm,34.17625mm,-0.990884773662551fraction,6.80253975699988mm,25.582
217,32.7144855047714mm,34.645mm,-0.812178425804998fraction,6.6335mm,25.705
226,32.8537177572085mm,34.645mm,-0.809814814814815fraction,6.68642547851732mm,26.298
270,32.8348163982658mm,33.9954723528955mm,-0.961879683853642fraction,5.76953542282812mm,26.625
198,32.8790043515452mm,34.6274765404255mm,-0.694871655869095fraction,6.6335mm,29.556
196,33.8285625758826mm,34.6294097516159mm,-0.566559439251356fraction,6.77523815815702mm,32.8
152,32.84655756703mm,34.645mm,-0.648384912867842fraction,6.6335mm,32.803
274,32.0560803295925mm,34.4507812680655mm,-0.809814814814815fraction,6.6335mm,32.873
162,32.06mm,34.0790879065068mm,-0.661666666666667fraction,4.49278818903232mm,37.182
223,32.0583691734314mm,33.8325mm,-0.688744457394881fraction,4.09871299240171mm,38.257
151,32.0924467845152mm,34.02mm,-0.825460179603822fraction,3.7695mm,40.101
141,33.66mm,33.8463056356267mm,-0.707093068395577fraction,5.99350261256291mm,40.846
2,32.06mm,34.02mm,-0.661666666666667fraction,3.7695mm,42.332
228,32.1451798448982mm,34.17625mm,-0.990884773662551fraction,6.38282829883663mm,42.916
225,32.0987290273067mm,34.02mm,-0.825460179603822fraction,3.71657452148268mm,43.01
222,35.1748201551018mm,34.02mm,-0.647874491167263fraction,6.6920945298376mm,43.445
235,35.1748201551018mm,33.5575102635318mm,-0.662239413423608fraction,3.29376926073901mm,43.954
184,34.82mm,33.55125mm,-0.41486232752818fraction,3.3399mm,45.193
219,34.8153552094558mm,34.02mm,-0.661666666666667fraction,3.41798144553444mm,45.486
204,34.6599410689268mm,34.9000080294369mm,-0.811821168194666fraction,6.51865866194371mm,45.523
207,34.8501043208228mm,33.5418656256194mm,-0.948992234435907fraction,3.28759650137847mm,45.752
214,35.5175055443961mm,34.176493523282mm,-0.568373672633594fraction,6.80253975699988mm,45.993
199,33.732800179404mm,33.8523426143685mm,-0.707093068395577fraction,5.99350261256291mm,47.03
171,33.8507119152634mm,33.8265589886217mm,-0.990530038804734fraction,5.99350261256291mm,47.552
202,34.8487872436619mm,34.645mm,-0.421133825201789fraction,6.63361932664278mm,48.471
284,34.9756989890092mm,34.5791750595696mm,-0.991016984564615fraction,5.07620830595519mm,49.938
71,34.82mm,33.55125mm,-0.377716049382716fraction,3.3399mm,50.941
229,34.66mm,33.456274450981mm,-0.820278892503981fraction,3.85273288365136mm,52.022
186,33.614625676723mm,34.6923137081328mm,-0.446395650639496fraction,6.6335mm,52.384
180,34.82mm,33.55125mm,-0.386682087563034fraction,3.3399mm,53.499
209,32.1451798448982mm,34.17625mm,-0.971677874429083fraction,3.82011431099429mm,55.182
153,32.819771920983mm,34.7054362488791mm,-0.519948155171774fraction,6.07525698508129mm,55.572
220,35.1794649456461mm,33.55125mm,-0.41486232752818fraction,4.78640424347128mm,57.324
139,32.1451798448982mm,34.17625mm,-0.990884773662551fraction,3.82011431099429mm,58.694
159,34.66mm,33.456274450981mm,-0.820278892503981fraction,3.76782790556397mm,59.491
126,32.86mm,34.7054362488791mm,-0.446395650639496fraction,6.6335mm,61.335
231,32.9437273815646mm,33.8265589886217mm,-0.990530038804734fraction,6.00673011049313mm,66.381
278,32.8790043515452mm,34.645mm,-0.812178425804998fraction,5.04101789486807mm,67.075
239,33.6024944556039mm,34.6355319573795mm,-0.594453812813715fraction,4.88926024300012mm,67.292
114,34.1216035856801mm,34.1852372687867mm,-0.661666666666667fraction,7.49379485066166mm,77.433
167,32.2431917139222mm,33.6130617655502mm,-0.832718459452659fraction,4.25811864735683mm,78.105
206,35.0923815049985mm,34.1802828049656mm,-0.661666666666667fraction,7.50628994734548mm,79.347
201,32.8312127563381mm,33.55125mm,-0.803543317141205fraction,3.33978067335722mm,80.135
181,34.1216035856801mm,34.1852372687867mm,-0.679556541140907fraction,7.49379485066166mm,80.634
144,35.1100463286073mm,34.7883629261301mm,-0.414753086419753fraction,5.4879mm,84.995
173,32.86mm,34.6969247999722mm,-0.444463838275387fraction,5.4858659307986mm,86.695
47,33.86mm,33.8325mm,-0.575246913580247fraction,6.7767mm,91.015
106,34.3mm,34.6517187319345mm,-0.859197530864197fraction,8.3519mm,91.312
164,35.4504836750924mm,33.6753664336542mm,-0.20872028367669fraction,5.62991673842049mm,91.57
87,35.46mm,33.67625mm,-0.213106995884774fraction,5.6311mm,91.583
233,32.6888160531112mm,34.7003581482509mm,-0.446688152915654fraction,5.48594116918722mm,92.457
179,33.86mm,33.8325mm,-0.566280875399929fraction,6.7767mm,92.794
42,33.66mm,34.3325mm,-0.16783950617284fraction,6.0607mm,93.176
221,32.8790043515452mm,34.645mm,-0.825970601304401fraction,4.80589115916811mm,94.386
185,32.905374323277mm,34.3456225407463mm,-0.16783950617284fraction,6.0607mm,96.219
190,35.46mm,33.6864043437242mm,-0.252105330561594fraction,5.7600187994108mm,97.264
195,32.8779949911474mm,33.8480902483841mm,-0.648106349016415fraction,6.63496184184298mm,97.287
124,34.5090803312396mm,34.3360674868335mm,-0.16783950617284fraction,6.0607mm,98.807
174,34.4252934298084mm,34.9660114489069mm,-0.416684898783861fraction,6.63553406920141mm,99.664
238,32.8790043515452mm,33.8419680426205mm,-0.827305197260656fraction,6.6335mm,100.57
58,34.3mm,34.4575mm,-0.859197530864197fraction,8.3519mm,100.64
91,35.62mm,33.42625mm,-0.953847736625514fraction,2.7671mm,102.3
27,33.06mm,33.395mm,-0.0320370370370371fraction,3.9127mm,103.05
138,33.66mm,34.4384487786616mm,-0.16783950617284fraction,6.0607mm,104.84
149,34.3mm,34.4388807520431mm,-0.859197530864197fraction,8.3519mm,105.49
148,34.2036555303373mm,34.4575mm,-0.857066025992718fraction,8.40273042618191mm,105.89
7,32.26mm,33.52mm,-0.772777777777778fraction,4.4855mm,110.74
234,35.2812302754962mm,34.7849295778514mm,-0.412528771779486fraction,5.48782476161137mm,112.95
178,34.3261561240156mm,34.4575mm,-0.859197530864197fraction,8.50815405902071mm,114.95
118,34.66mm,33.5111209609089mm,-0.82216049382716fraction,6.2039mm,117.05
115,32.3224663248889mm,33.52mm,-0.985054644902669fraction,4.4855mm,117.87
189,35.62mm,33.4160956562758mm,-0.914849401948694fraction,2.6381812005892mm,121.88
154,34.5493084102566mm,34.3360674868335mm,-0.094287001640561fraction,6.61894301491871mm,123.26
28,33.1mm,35.395mm,-0.982654320987654fraction,7.4927mm,124.41
62,34.46mm,34.9575mm,-0.414753086419753fraction,5.4879mm,124.65
150,33.66mm,34.6512867585529mm,-0.16783950617284fraction,6.0607mm,130.24
147,33.1963444696627mm,35.395mm,-0.984785825859134fraction,7.44186957381809mm,131.26
116,33.037533675111mm,35.395mm,-0.770377453862763fraction,7.4927mm,131.67
161,32.26mm,33.4609120934932mm,-0.772777777777778fraction,3.76221181096768mm,132.3
119,32.0608083736836mm,33.4507776471045mm,-0.661666666666667fraction,3.7695mm,133.51
192,34.6429149744137mm,34.6964080121775mm,-0.16783950617284fraction,6.60979425839538mm,134.77
101,34.4252934298084mm,34.9575mm,-0.414753086419753fraction,5.4879mm,135.1
166,33.6368247696604mm,34.6335461389269mm,-0.200877672775538fraction,6.6324096035822mm,136.85
177,32.034652249668mm,33.4507776471045mm,-0.661666666666667fraction,3.61324594097929mm,138.65
203,34.6482116095403mm,33.2411119583195mm,-0.820278892503981fraction,3.88837255271839mm,139.58
163,32.0703246985912mm,33.4516612134503mm,-0.66605337887475fraction,3.77068326157951mm,148.51
104,34.6903031004696mm,33.367082095622mm,-0.82216049382716fraction,6.2039mm,151.57
38,33.5mm,34.5825mm,-0.612283950617284fraction,8.9247mm,156.57
109,32.3mm,35.52mm,-0.62684512236952fraction,8.0655mm,156.72
146,32.8790043515452mm,34.8210855549931mm,-0.185068947067958fraction,7.87758624195294mm,160.66
169,33.258541997169mm,34.9575mm,-0.407082092070879fraction,5.4879mm,163.01
156,33.8271818736233mm,33.395mm,-0.0320370370370371fraction,6.61647458131652mm,166.06
120,35.6191916263164mm,33.9954723528955mm,-0.953847736625514fraction,2.7671mm,169.85
78,35.1mm,34.80125mm,-0.118456790123457fraction,7.7791mm,173.17
123,33.7709196687604mm,34.0476825131665mm,-0.266604938271605fraction,2.6239mm,185.28
182,33.7709196687604mm,34.0476825131665mm,-0.248715063797365fraction,2.6239mm,185.56
102,35.5347065701916mm,35.67625mm,-0.768662551440329fraction,9.2111mm,191.7
135,33.66mm,33.4242169125862mm,-0.16783950617284fraction,6.0607mm,194.69
8,32.3mm,35.52mm,-0.439444444444444fraction,8.0655mm,195.39
112,34.6970756586078mm,33.55125mm,-0.366136707311174fraction,7.41439698666433mm,195.76
133,32.3mm,35.52mm,-0.439444444444444fraction,8.20756094868351mm,197
88,35.5mm,35.67625mm,-0.768662551440329fraction,9.2111mm,197.4
107,34.6063069581761mm,34.05125mm,-0.322741099854772fraction,2.6239mm,208.29
160,32.0608083736836mm,33.5056241570324mm,-0.663548267989846fraction,6.20557209443604mm,208.88
168,35.1168082860778mm,34.7081882344498mm,-0.0585161084485755fraction,8.00648135264318mm,209.16
68,34.7mm,35.05125mm,-0.488827160493827fraction,9.7839mm,214.24
227,32.84655756703mm,34.645mm,-0.648384912867842fraction,4.07078601215766mm,215.2
157,32.9211547735476mm,33.3272365588466mm,-0.822517751437492fraction,6.19819669090187mm,225.94
92,35.66mm,35.42625mm,-0.620514403292181fraction,6.3471mm,228.36
66,34.62mm,34.05125mm,-0.266604938271605fraction,2.6239mm,232.12
127,34.5mm,33.9872644264693mm,-0.506377839049811fraction,9.0679mm,236.36
117,34.82mm,33.0913790390911mm,-0.377716049382716fraction,3.3399mm,240.07
110,35.66mm,35.42625mm,-0.433113725367106fraction,6.3471mm,243.48
67,34.66mm,33.05125mm,-0.82216049382716fraction,6.2039mm,257.97
4,32.14mm,35.02mm,-0.883888888888889fraction,10.9295mm,260.49
63,34.5mm,33.9575mm,-0.0814197530864198fraction,9.0679mm,287.2
122,32.26mm,33.52mm,-0.452278736901279fraction,8.15730321956028mm,319.33
48,33.9mm,35.8325mm,-0.241913580246914fraction,10.3567mm,335.6
18,32.7mm,34.145mm,-0.0690740740740742fraction,9.4975mm,335.61
83,35.3mm,33.17625mm,-0.657551440329218fraction,8.4951mm,335.74
129,32.8830526458754mm,33.0391989114418mm,-0.82216049382716fraction,6.2039mm,336.11
98,35.9mm,34.11375mm,-0.398292181069959fraction,10.6431mm,344.47
77,35.06mm,32.80125mm,-0.45179012345679fraction,4.1991mm,360.67
130,34.8256496083074mm,33.6570510885582mm,-0.476481481481482fraction,10.2135mm,360.7
72,34.86mm,35.55125mm,-0.0443827160493828fraction,6.9199mm,370.96
84,35.34mm,35.17625mm,-0.324218106995885fraction,12.0751mm,377.3
64,34.54mm,35.9575mm,-0.933271604938272fraction,12.6479mm,378.58
125,35.06mm,32.7408137511209mm,-0.815209287632109fraction,4.1991mm,385.13
43,33.7mm,33.3325mm,-0.723395061728395fraction,9.6407mm,389.18
108,35.3536930418239mm,35.17625mm,-0.268081945412718fraction,12.0751mm,392.39
23,32.9mm,33.645mm,-0.476481481481482fraction,10.2135mm,392.43
142,35.14mm,34.2874443643733mm,-0.134758783456275fraction,11.4262973874371mm,393.58
137,33.7mm,33.2265512213384mm,-0.723395061728395fraction,9.6407mm,398.97
12,32.46mm,35.27mm,-0.291296296296296fraction,5.2015mm,402.66
143,34.4899536713927mm,33.9703870738699mm,-0.674012345679012fraction,11.3591mm,410.05
79,35.14mm,33.80125mm,-0.674012345679012fraction,11.3591mm,413.1
34,33.34mm,34.0825mm,-0.760432098765432fraction,11.7887mm,421.86
14,32.54mm,34.77mm,-0.513518518518518fraction,12.3615mm,423.48
128,32.54mm,34.7402355735307mm,-0.0885604325551268fraction,12.3615mm,432.03
53,34.1mm,32.7075mm,-0.353024691358025fraction,7.6359mm,432.11
136,35.62mm,34.3345330874139mm,-0.953847736625514fraction,2.7671mm,438.17
44,33.74mm,35.3325mm,-0.390061728395062fraction,13.2207mm,452.57
93,35.7mm,32.92625mm,-0.287181069958848fraction,9.9271mm,456.06
3,32.1mm,33.02mm,-0.328333333333333fraction,7.3495mm,462.78
134,35.7mm,32.92625mm,-0.287181069958848fraction,9.78503905131649mm,463.11
94,35.74mm,34.92625mm,-0.842736625514403fraction,13.5071mm,463.87
37,33.46mm,32.5825mm,-0.945617283950617fraction,5.3447mm,499.9
57,34.26mm,32.4575mm,-0.303641975308642fraction,4.7719mm,514.22
59,34.34mm,33.4575mm,-0.525864197530864fraction,11.9319mm,521.87
13,32.5mm,32.77mm,-0.846851851851852fraction,8.7815mm,527.98
80,35.18mm,35.80125mm,-0.340679012345679fraction,14.9391mm,534.67
24,32.94mm,35.645mm,-0.143148148148148fraction,13.7935mm,538.51
29,33.14mm,32.895mm,-0.649320987654321fraction,11.0727mm,539.83
99,35.94mm,33.11375mm,-0.0649588477366256fraction,14.2231mm,539.98
74,34.94mm,34.30125mm,-0.562901234567901fraction,14.0799mm,540.15
39,33.54mm,33.5825mm,-0.278950617283951fraction,12.5047mm,545.29
36,33.42mm,35.0825mm,-0.0937654320987654fraction,1.7647mm,562.02
97,35.86mm,32.11375mm,-0.731625514403292fraction,7.0631mm,565.45
11,32.42mm,33.27mm,-0.62462962962963fraction,1.6215mm,574.67
45,33.78mm,32.8325mm,-0.0567283950617284fraction,16.8007mm,582.87
30,33.18mm,34.895mm,-0.315987654320988fraction,14.6527mm,587.22
73,34.9mm,32.30125mm,-0.896234567901235fraction,10.4999mm,587.9
19,32.74mm,33.145mm,-0.920925925925926fraction,13.0775mm,601.03
69,34.74mm,32.55125mm,-0.155493827160494fraction,13.3639mm,606.15
60,34.38mm,35.4575mm,-0.192530864197531fraction,15.5119mm,606.92
52,34.06mm,35.2075mm,-0.686358024691358fraction,4.0559mm,611.81
90,35.58mm,34.42625mm,-0.101995884773663fraction,16.3711mm,623.14
54,34.14mm,34.7075mm,-0.0196913580246915fraction,11.2159mm,625.59
9,32.34mm,32.27mm,-0.106111111111111fraction,11.6455mm,630.57
61,34.42mm,32.9575mm,-0.748086419753086fraction,1.9079mm,637.76
40,33.58mm,35.5825mm,-0.834506172839506fraction,16.0847mm,639.62
89,35.54mm,32.42625mm,-0.435329218106996fraction,12.7911mm,648.23
55,34.18mm,33.7075mm,-0.970308641975309fraction,14.7959mm,653.51
46,33.82mm,34.8325mm,-0.90858024691358fraction,3.1967mm,654.56
33,33.3mm,32.0825mm,-0.204876543209877fraction,8.2087mm,667.05
10,32.38mm,34.27mm,-0.957962962962963fraction,15.2255mm,679.61
15,32.58mm,33.77mm,-0.180185185185185fraction,15.9415mm,683.27
20,32.78mm,35.145mm,-0.587592592592593fraction,16.6575mm,707.84
75,34.98mm,33.30125mm,-0.229567901234568fraction,17.6599mm,719.51
70,34.78mm,34.55125mm,-0.711049382716049fraction,16.9439mm,723.62
95,35.78mm,33.92625mm,-0.50940329218107fraction,17.0871mm,730.95
21,32.82mm,32.645mm,-0.254259259259259fraction,3.0535mm,739.04
35,33.38mm,33.0825mm,-0.427098765432099fraction,15.3687mm,739.46
5,32.18mm,32.52mm,-0.550555555555556fraction,14.5095mm,756.09
49,33.94mm,32.2075mm,-0.797469135802469fraction,13.9367mm,760.78
113,32.0383964143199mm,32.5422627312133mm,-0.353024691358025fraction,3.91160514933834mm,767.19
85,35.38mm,32.67625mm,-0.87977366255144fraction,15.6551mm,774.07
17,32.66mm,32.145mm,-0.402407407407407fraction,5.9175mm,780.74
100,35.98mm,35.11375mm,-0.916810699588477fraction,17.8031mm,781.6
121,32.3mm,35.52mm,-0.759943485320943fraction,4.39369678043972mm,791.52
50,33.98mm,34.2075mm,-0.464135802469136fraction,17.5167mm,794.57
65,34.58mm,32.05125mm,-0.599938271604938fraction,16.2279mm,815.01
25,32.98mm,32.395mm,-0.698703703703704fraction,17.3735mm,869.44
103,33.0296968995304mm,33.079167904378mm,-0.0320370370370371fraction,3.9127mm,873.81
96,35.82mm,35.92625mm,-0.176069958847737fraction,3.4831mm,880.76
32,33.26mm,35.895mm,-0.53820987654321fraction,4.6287mm,920.02
187,34.46mm,34.9575mm,-0.414753086419753fraction,2.6091510456446mm,1026.9
111,33.2229243413922mm,35.395mm,-0.994233663059196fraction,3.41820301333567mm,1049.5
41,33.62mm,32.3325mm,-0.501172839506173fraction,2.4807mm,1088.3
86,35.42mm,34.67625mm,-0.546440329218107fraction,2.0511mm,1094
31,33.22mm,33.895mm,-0.871543209876543fraction,1.0487mm,1095.7
51,34.02mm,33.2075mm,-0.130802469135803fraction,0.4759mm,1133.4
132,33.0409956484548mm,33.395mm,-0.0296734260468543fraction,3.9127mm,1316.2
170,34.261458002831mm,33.395mm,-0.0397080313859112fraction,3.9127mm,1330.7
16,32.62mm,35.77mm,-0.735740740740741fraction,2.3375mm,2117.7
56,34.22mm,35.7075mm,-0.636975308641975fraction,1.1919mm,2348.3
6,32.22mm,34.52mm,-0.217222222222222fraction,0.9055mm,2369.3
81,35.22mm,32.17625mm,-0.00734567901234573fraction,1.3351mm,2444.3
26,33.02mm,34.395mm,-0.36537037037037fraction,0.3327mm,2617.6
76,35.02mm,35.30125mm,-0.785123456790124fraction,0.6191mm,2909.6
1,32.02mm,32.02mm,-0.995fraction,0.1895mm,10028
